{
  "config": {
    "center": false,
    "head": "cnn"
  },
  "n_samples": 3284,
  "skipped_empty": 0,
  "elapsed_seconds": 11.12336540222168,
  "global": {
    "cer_micro": 0.9836898962084304,
    "cer_macro": 1.01055628716256,
    "wer": 0.9963459196102314
  },
  "por_longitud": {
    "1": {
      "n": 861,
      "cer_micro": 1.0720092915214867,
      "cer_macro": 1.0720092915214867,
      "wer": 0.9860627177700348
    },
    "2": {
      "n": 115,
      "cer_micro": 1.117391304347826,
      "cer_macro": 1.117391304347826,
      "wer": 1.0
    },
    "3": {
      "n": 232,
      "cer_micro": 1.0416666666666667,
      "cer_macro": 1.0416666666666665,
      "wer": 1.0
    },
    "4": {
      "n": 413,
      "cer_micro": 0.9981840193704601,
      "cer_macro": 0.9981840193704601,
      "wer": 1.0
    },
    "5": {
      "n": 553,
      "cer_micro": 0.9786618444846293,
      "cer_macro": 0.9786618444846293,
      "wer": 1.0
    },
    "6": {
      "n": 425,
      "cer_micro": 0.9784313725490196,
      "cer_macro": 0.9784313725490196,
      "wer": 1.0
    },
    "7": {
      "n": 320,
      "cer_micro": 0.9629464285714285,
      "cer_macro": 0.9629464285714286,
      "wer": 1.0
    },
    "8": {
      "n": 206,
      "cer_micro": 0.9605582524271845,
      "cer_macro": 0.9605582524271845,
      "wer": 1.0
    },
    "9": {
      "n": 90,
      "cer_micro": 0.9493827160493827,
      "cer_macro": 0.9493827160493827,
      "wer": 1.0
    },
    "10": {
      "n": 48,
      "cer_micro": 0.9229166666666667,
      "cer_macro": 0.9229166666666666,
      "wer": 1.0
    },
    "11": {
      "n": 21,
      "cer_micro": 0.974025974025974,
      "cer_macro": 0.974025974025974,
      "wer": 1.0
    }
  }
}