epoch,train_loss,val_loss,val_cer_micro,val_wer
0,60.07308,4.457389,0.758097,0.986885
1,4.374209,3.902884,0.67915,0.962295
2,4.03618,3.694488,0.608974,0.932787
3,3.853608,3.591907,0.588394,0.914754
4,3.763547,3.471438,0.555331,0.901639
5,3.667018,3.398942,0.522942,0.893443
6,3.572851,3.341608,0.506073,0.872131
7,3.521294,3.325737,0.501012,0.870492
8,3.436108,3.259314,0.481444,0.880328
9,3.392608,3.158612,0.452092,0.855738
