epoch,train_loss,val_loss,val_cer_micro,val_wer
0,64.974679,5.342024,0.835695,0.993443
1,5.244451,4.785579,0.817476,0.991803
2,4.955844,4.644256,0.80803,0.990164
3,4.857949,4.600096,0.81309,0.990164
4,4.799009,4.54382,0.810729,0.988525
5,4.684675,4.527276,0.810729,0.986885
6,4.630961,4.391071,0.797908,0.990164
7,4.618602,4.414948,0.811404,0.988525
8,4.535848,4.33306,0.807692,0.988525
9,4.450531,4.234185,0.797233,0.988525
