epoch,train_loss,val_loss,val_cer_micro,val_wer
0,65.05642,5.343727,0.835695,0.993443
1,5.246026,4.789422,0.820175,0.991803
2,4.957593,4.646545,0.808704,0.990164
3,4.859299,4.603624,0.812416,0.990164
4,4.801837,4.547403,0.810729,0.988525
5,4.687931,4.532355,0.811066,0.986885
6,4.635028,4.396476,0.797571,0.990164
7,4.625571,4.423994,0.810729,0.990164
8,4.548643,4.346672,0.808367,0.986885
9,4.471797,4.257007,0.793185,0.990164
