{
  "config": {
    "center": true,
    "head": "cnn"
  },
  "n_samples": 3284,
  "skipped_empty": 0,
  "elapsed_seconds": 12.03873872756958,
  "global": {
    "cer_micro": 0.9850314198969145,
    "cer_macro": 1.019814521146738,
    "wer": 0.9966504263093788
  },
  "por_longitud": {
    "1": {
      "n": 861,
      "cer_micro": 1.1033681765389083,
      "cer_macro": 1.1033681765389083,
      "wer": 0.9872241579558653
    },
    "2": {
      "n": 115,
      "cer_micro": 1.1869565217391305,
      "cer_macro": 1.1869565217391305,
      "wer": 1.0
    },
    "3": {
      "n": 232,
      "cer_micro": 1.0474137931034482,
      "cer_macro": 1.0474137931034482,
      "wer": 1.0
    },
    "4": {
      "n": 413,
      "cer_micro": 0.9915254237288136,
      "cer_macro": 0.9915254237288136,
      "wer": 1.0
    },
    "5": {
      "n": 553,
      "cer_micro": 0.9754068716094032,
      "cer_macro": 0.9754068716094032,
      "wer": 1.0
    },
    "6": {
      "n": 425,
      "cer_micro": 0.9741176470588235,
      "cer_macro": 0.9741176470588235,
      "wer": 1.0
    },
    "7": {
      "n": 320,
      "cer_micro": 0.9660714285714286,
      "cer_macro": 0.9660714285714287,
      "wer": 1.0
    },
    "8": {
      "n": 206,
      "cer_micro": 0.9569174757281553,
      "cer_macro": 0.9569174757281553,
      "wer": 1.0
    },
    "9": {
      "n": 90,
      "cer_micro": 0.9518518518518518,
      "cer_macro": 0.951851851851852,
      "wer": 1.0
    },
    "10": {
      "n": 48,
      "cer_micro": 0.91875,
      "cer_macro": 0.9187500000000001,
      "wer": 1.0
    },
    "11": {
      "n": 21,
      "cer_micro": 0.9826839826839827,
      "cer_macro": 0.9826839826839827,
      "wer": 1.0
    }
  }
}