{
  "config": {
    "center": false,
    "head": "both"
  },
  "n_samples": 3284,
  "skipped_empty": 0,
  "elapsed_seconds": 11.322408437728882,
  "global": {
    "cer_micro": 0.9913860057897338,
    "cer_macro": 1.0203573493768379,
    "wer": 0.9978684531059683
  },
  "por_longitud": {
    "1": {
      "n": 861,
      "cer_micro": 1.1033681765389083,
      "cer_macro": 1.1033681765389083,
      "wer": 0.991869918699187
    },
    "2": {
      "n": 115,
      "cer_micro": 1.0434782608695652,
      "cer_macro": 1.0434782608695652,
      "wer": 1.0
    },
    "3": {
      "n": 232,
      "cer_micro": 1.0344827586206897,
      "cer_macro": 1.0344827586206897,
      "wer": 1.0
    },
    "4": {
      "n": 413,
      "cer_micro": 0.9927360774818402,
      "cer_macro": 0.9927360774818402,
      "wer": 1.0
    },
    "5": {
      "n": 553,
      "cer_micro": 0.9920433996383363,
      "cer_macro": 0.9920433996383364,
      "wer": 1.0
    },
    "6": {
      "n": 425,
      "cer_micro": 0.9847058823529412,
      "cer_macro": 0.9847058823529412,
      "wer": 1.0
    },
    "7": {
      "n": 320,
      "cer_micro": 0.975,
      "cer_macro": 0.975,
      "wer": 1.0
    },
    "8": {
      "n": 206,
      "cer_micro": 0.9684466019417476,
      "cer_macro": 0.9684466019417476,
      "wer": 1.0
    },
    "9": {
      "n": 90,
      "cer_micro": 0.9604938271604938,
      "cer_macro": 0.9604938271604938,
      "wer": 1.0
    },
    "10": {
      "n": 48,
      "cer_micro": 0.9354166666666667,
      "cer_macro": 0.9354166666666667,
      "wer": 1.0
    },
    "11": {
      "n": 21,
      "cer_micro": 0.9956709956709957,
      "cer_macro": 0.9956709956709957,
      "wer": 1.0
    }
  }
}