{
  "config": {
    "center": true,
    "head": "rnn"
  },
  "n_samples": 3284,
  "skipped_empty": 0,
  "elapsed_seconds": 11.974131107330322,
  "global": {
    "cer_micro": 1.0670055779142837,
    "cer_macro": 1.1487055389460994,
    "wer": 0.9969549330085262
  },
  "por_longitud": {
    "1": {
      "n": 861,
      "cer_micro": 1.3821138211382114,
      "cer_macro": 1.3821138211382114,
      "wer": 0.9883855981416957
    },
    "2": {
      "n": 115,
      "cer_micro": 1.2782608695652173,
      "cer_macro": 1.2782608695652173,
      "wer": 1.0
    },
    "3": {
      "n": 232,
      "cer_micro": 1.1336206896551724,
      "cer_macro": 1.1336206896551724,
      "wer": 1.0
    },
    "4": {
      "n": 413,
      "cer_micro": 1.084140435835351,
      "cer_macro": 1.084140435835351,
      "wer": 1.0
    },
    "5": {
      "n": 553,
      "cer_micro": 1.0737793851717903,
      "cer_macro": 1.07377938517179,
      "wer": 1.0
    },
    "6": {
      "n": 425,
      "cer_micro": 1.0380392156862746,
      "cer_macro": 1.0380392156862746,
      "wer": 1.0
    },
    "7": {
      "n": 320,
      "cer_micro": 1.028125,
      "cer_macro": 1.028125,
      "wer": 1.0
    },
    "8": {
      "n": 206,
      "cer_micro": 0.9951456310679612,
      "cer_macro": 0.9951456310679612,
      "wer": 1.0
    },
    "9": {
      "n": 90,
      "cer_micro": 0.9864197530864197,
      "cer_macro": 0.9864197530864197,
      "wer": 1.0
    },
    "10": {
      "n": 48,
      "cer_micro": 0.9458333333333333,
      "cer_macro": 0.9458333333333333,
      "wer": 1.0
    },
    "11": {
      "n": 21,
      "cer_micro": 1.0216450216450217,
      "cer_macro": 1.0216450216450217,
      "wer": 1.0
    }
  }
}