epoch,step,loss,lr
0,0,287.956451,0.0005
0,1,278.934418,0.0005
