{
  "n_samples": 3284,
  "skipped_empty": 0,
  "elapsed_seconds": 11.901530504226685,
  "global": {
    "cer_micro": 1.0663701193250017,
    "cer_macro": 1.1788838115802185,
    "wer": 0.9981729598051157
  },
  "por_longitud": {
    "1": {
      "n": 861,
      "cer_micro": 1.529616724738676,
      "cer_macro": 1.529616724738676,
      "wer": 0.9930313588850174
    },
    "2": {
      "n": 115,
      "cer_micro": 1.2347826086956522,
      "cer_macro": 1.2347826086956522,
      "wer": 1.0
    },
    "3": {
      "n": 232,
      "cer_micro": 1.1364942528735633,
      "cer_macro": 1.1364942528735633,
      "wer": 1.0
    },
    "4": {
      "n": 413,
      "cer_micro": 1.0677966101694916,
      "cer_macro": 1.0677966101694916,
      "wer": 1.0
    },
    "5": {
      "n": 553,
      "cer_micro": 1.0607594936708862,
      "cer_macro": 1.0607594936708862,
      "wer": 1.0
    },
    "6": {
      "n": 425,
      "cer_micro": 1.0305882352941176,
      "cer_macro": 1.0305882352941176,
      "wer": 1.0
    },
    "7": {
      "n": 320,
      "cer_micro": 1.0084821428571429,
      "cer_macro": 1.0084821428571429,
      "wer": 1.0
    },
    "8": {
      "n": 206,
      "cer_micro": 0.995752427184466,
      "cer_macro": 0.995752427184466,
      "wer": 1.0
    },
    "9": {
      "n": 90,
      "cer_micro": 0.9851851851851852,
      "cer_macro": 0.9851851851851853,
      "wer": 1.0
    },
    "10": {
      "n": 48,
      "cer_micro": 0.9479166666666666,
      "cer_macro": 0.9479166666666666,
      "wer": 1.0
    },
    "11": {
      "n": 21,
      "cer_micro": 1.0086580086580086,
      "cer_macro": 1.0086580086580086,
      "wer": 1.0
    }
  }
}